[
    {
        "name": "Lauretta Pfannerstill",
        "info": {
            "title": "Dr.",
            "age": 59,
            "phone": "1-709-929-9072 x84909",
            "email": "okozey@gmail.com"
        }
    },

    {
        "name": "Pierce Marquardt",
        "info": {
            "title": "Prof.",
            "age": 52,
            "phone": "308-820-0815",
            "email": "mmertz@yahoo.com"
        }
    },

    {
        "name": "Joannie Franecki",
            "info": {
            "title": "Dr.",
            "age": 37,
            "phone": "+1 (610) 732-7965",
            "email": "whowe@yahoo.com"
        }
    },

    {
        "name": "Lelah Mueller",
        "info": {
            "title": "Mr.",
            "age": 53,
            "phone": "646.538.4934",
            "email": "kuhn.jessyca@gmail.com"
        }
    },

    {
        "name": "Jazmyn Walsh",
        "info": {
            "title": "Prof.",
            "age": 20,
            "phone": "1-543-262-5096",
            "email": "jude.stanton@yahoo.com"
        }
    },

    {
        "name": "Darien Haag",
        "info": {
            "title": "Dr.",
            "age": 51,
            "phone": "1-278-274-5569 x7335",
            "email": "kaltenwerth@gmail.com"
        }
    },

    {
        "name": "Zaria Boyle",
        "info": {
            "title": "Prof.",
            "age": 38,
            "phone": "1-542-307-6984 x19385",
            "email": "towne.betty@hotmail.com"
        }
    },

    {
        "name": "Corine Purdy",
        "info": {
            "title": "Mr.",
            "age": 46,
            "phone": "(798) 339-0303 x42128",
            "email": "sawayn.darrell@hotmail.com"
        }
    },

    {
        "name": "Garth Roob",
        "info": {
            "title": "Prof.",
            "age": 57,
            "phone": "(781) 996-0671 x2117",
            "email": "jacinthe.corwin@yahoo.com"
        }
    },

    {
        "name": "Juliet Bayer",
        "info": {
            "title": "Mrs.",
            "age": 59,
            "phone": "598.803.8021",
            "email": "qtillman@gmail.com"
        }
    }
]